,AAPL,AMZN,GOOG,MSFT
AAPL,0.0003346901661690328,0.00030607738850526483,0.0002828152251211663,0.00026211717290737665
AMZN,0.00030607738850526483,0.0007196297249106096,0.000407633916089338,0.0003589443335292565
GOOG,0.0002828152251211663,0.000407633916089338,0.0004885618865632491,0.0003109672549815688
MSFT,0.00026211717290737665,0.0003589443335292565,0.0003109672549815688,0.0003738355686385797
